INSERT INTO filials VALUES
(101, 'Филиал Москва', '84951234567', 'ул. Пушкина, 1', 'moscow@company.com', TRUE),
(102, 'Филиал Санкт-Петербург', '88121234567', 'наб. Реки Фонтанки, 2', 'spb@company.com', TRUE),
(103, 'Филиал Новосибирск', '83831234567', 'просп. Ленина, 3', 'nsk@company.com', FALSE);

INSERT INTO employees (e_id, e_name, e_gender, e_born, e_phone, e_addr, e_mail, e_passp, e_inn, e_snils) VALUES
(100001, 'Иванов Иван Иванович', 'м', '1985-04-15', '89031234567', 'ул. Советская, 10', 'ivanov@mail.com', '4510 123456', '771122334455', '12345678901'),
(100002, 'Петрова Мария Сергеевна', 'ж', '1990-07-22', '89061234568', 'ул. Юности, 15', 'petrova@mail.com', '4511 234567', '772233445566', '98765432101'),
(100003, 'Сидоров Алексей Николаевич', 'м', '1982-01-30', '89091234569', 'ул. Лесная, 20', 'sidorov@mail.com', '4512 345678', '773344556677', '23456789013'),
(100004, 'Козлова Анастасия Владимировна', 'ж', '1993-08-17', '89054321098', 'Адрес сотрудника 4', 'anastasia@mail.com', '4321 098765', '789012345678', '78901234567'),
(100005, 'Григорьев Игорь Андреевич', 'м', '1987-03-25', '89065432109', 'Адрес сотрудника 5', 'igor@mail.com', '5678 901234', '234567890123', '23456789012'),
(100006, 'Смирнова Маргарита Игоревна', 'ж', '1992-11-05', '89098765432', 'Адрес сотрудника 6', 'margarita@mail.com', '9876 543210', '345678901234', '34567890123'),
(100007, 'Николаев Никита Сергеевич', 'м', '1989-06-12', '89023456789', 'Адрес сотрудника 7', 'nikita@mail.com', '2345 678901', '456789012345', '45678901234'),
(100008, 'Васнецова Екатерина Алексеевна', 'ж', '1994-02-28', '89087654321', 'Адрес сотрудника 8', 'ekaterinav@mail.com', '8765 432109', '567890123456', '56789012345'),
(100009, 'Павлов Павел Петрович', 'м', '1986-09-08', '89012345678', 'Адрес сотрудника 9', 'pavel@mail.com', '1234 567890', '678901234567', '67890123456'),
(100010, 'Сидорова Светлана Александровна', 'ж', '1991-04-20', '89065432109', 'Адрес сотрудника 10', 'svetlana@mail.com', '6543 210987', '789012345677', '78901234577'),
(100011, 'Кузнецов Илья Алексеевич', 'м', '1993-02-14', '89055554444', 'Адрес сотрудника 11', 'ilya@mail.com', '1111 222333', '111222333444', '11122233344'),
(100012, 'Андреева Анна Станиславовна', 'ж', '1988-07-01', '89077776666', 'Адрес сотрудника 12', 'anna@mail.com', '2222 333444', '222333444555', '22233344455'),
(100013, 'Федоров Федор Федорович', 'м', '1990-11-30', '89099998888', 'Адрес сотрудника 13', 'fedor@mail.com', '3333 444555', '333444555666', '33344455566'),
(100014, 'Лебедева Наталья Петровна', 'ж', '1995-05-18', '89011112222', 'Адрес сотрудника 14', 'natalia@mail.com', '4444 555666', '444555666777', '44455566677'),
(100015, 'Кудрявцев Владимир Игоревич', 'м', '1986-09-28', '89033334444', 'Адрес сотрудника 15', 'vladimir@mail.com', '5555 666777', '555666777888', '55566677788'),
(100016, 'Петров Павел Сергеевич', 'м', '1991-12-03', '89077775555', 'Адрес сотрудника 16', 'pavelsergey@mail.com', '6666 777888', '666777888999', '66677788899'),
(100017, 'Александров Александр Александрович', 'м', '1987-04-22', '89088887777', 'Адрес сотрудника 17', 'alex@mail.com', '7777 888999', '777888999000', '77788899900'),
(100018, 'Сергеева София Викторовна', 'ж', '1994-01-09', '89022221111', 'Адрес сотрудника 18', 'sofias@mail.com', '8888 999001', '888999000112', '88899900012'),
(100019, 'Михайлов Михаил Михайлович', 'м', '1989-08-07', '89066665555', 'Адрес сотрудника 19', 'mikhailm@mail.com', '9999 000111', '999000111222', '99900011122'),
(100020, 'Елисеева Елизавета Александровна', 'ж', '1992-03-15', '89044443333', 'Адрес сотрудника 20', 'elizaveta@mail.com', '1230 456789', '123045678900', '12304567890'),
(100021, 'Козлов Валентин Игоревич', 'м', '1992-08-22', '89055554444', 'Адрес сотрудника 21', 'valentin@mail.com', '1112 222333', '111222333445', '11122233345'),
(100022, 'Киселева Ольга Владимировна', 'ж', '1988-05-01', '89077776666', 'Адрес сотрудника 22', 'olga@mail.com', '2222 333445', '222333444556', '22233344456'),
(100023, 'Попов Петр Петрович', 'м', '1991-11-12', '89099998888', 'Адрес сотрудника 23', 'petr@mail.com', '3333 444556', '333444555667', '33344455567'),
(100024, 'Медведева Екатерина Сергеевна', 'ж', '1995-03-18', '89011112222', 'Адрес сотрудника 24', 'ekaterinam@mail.com', '4444 555667', '444555666778', '44455566678'),
(100025, 'Тимофеев Артем Игоревич', 'м', '1986-09-28', '89033334444', 'Адрес сотрудника 25', 'artem@mail.com', '5555 666778', '555666777889', '55566677789'),
(100026, 'Кузьмина Мария Сергеевна', 'ж', '1991-12-03', '89077775555', 'Адрес сотрудника 26', 'maria@mail.com', '6666 777889', '666777888998', '66677788898'),
(100027, 'Новиков Алексей Александрович', 'м', '1987-04-22', '89088887777', 'Адрес сотрудника 27', 'alexey@mail.com', '7777 888998', '777888999001', '77788899901'),
(100028, 'Исаева София Викторовна', 'ж', '1994-01-09', '89022221111', 'Адрес сотрудника 28', 'sofiai@mail.com', '8888 999000', '888999000111', '88899900011'),
(100029, 'Григорьев Михаил Михайлович', 'м', '1989-08-07', '89066665555', 'Адрес сотрудника 29', 'mikhailg@mail.com', '9999 000112', '999000111223', '99900011123'),
(100030, 'Ефимова Екатерина Александровна', 'ж', '1992-03-15', '89044443333', 'Адрес сотрудника 30', 'ekaterinae@mail.com', '1230 456787', '123045678901', '12304567891');

INSERT INTO jobs VALUES
(1, 'Менеджер', 60000),
(2, 'Администратор', 50000),
(3, 'Уборщик', 30000);

INSERT INTO work (w_id, e_id, f_id, j_id, e_hired, e_fired) VALUES
(1000001, 100001, 101, 1, '2022-01-01', NULL),
(1000002, 100002, 102, 2, '2022-02-15', '2022-05-20'),
(1000003, 100003, 101, 3, '2022-03-10', NULL),
(1000004, 100004, 102, 1, '2022-04-05', '2022-08-15'),
(1000005, 100005, 103, 2, '2022-05-20', NULL),
(1000006, 100006, 101, 3, '2022-06-10', '2022-11-30'),
(1000007, 100007, 102, 1, '2022-07-15', '2022-09-30'),
(1000008, 100008, 103, 2, '2022-08-01', NULL),
(1000009, 100009, 101, 3, '2022-09-05', '2022-12-31'),
(1000010, 100010, 102, 1, '2022-10-10', '2023-01-15'),
(1000011, 100011, 103, 2, '2022-11-15', NULL),
(1000012, 100012, 101, 3, '2022-12-20', NULL);


INSERT INTO guests (g_id, g_name, g_gender, g_born, g_phone, g_mail, g_passp, w_id) VALUES
(200001, 'Андреев Дмитрий Владимирович', 'м', '1995-05-05', '89031234570', 'andreev@mail.com', '4513 456789', NULL),
(200002, 'Васильева Екатерина Михайловна', 'ж', '1988-08-08', '89061234571', NULL, '4514 567890', 1000001),
(200003, 'Николаев Игорь Петрович', 'м', '1979-09-09', '89091234572', 'nikolaev@mail.com', '4515 678901', 1000002),
(200004, 'Николаев Павел Владимирович', 'м', '1980-07-12', '89011112233', 'nikolaevpv@mail.com', '1111 222333', 1000001),
(200005, 'Сергеева Мария Ивановна', 'ж', '1992-04-25', '89044445555', 'sergeevam@mail.com', '2222 333444', NULL),
(200006, 'Игнатьев Андрей Александрович', 'м', '1988-10-03', '89066667777', 'ignatievaaa@mail.com', '3333 444555', 1000003),
(200007, 'Иванова Екатерина Игоревна', 'ж', '1995-11-15', '89088889999', 'ivanovaee@mail.com', '4444 555666', NULL),
(200008, 'Петров Алексей Петрович', 'м', '1987-08-20', '89012341234', 'petrovap@mail.com', NULL, 1000002),
(200009, 'Сидорова Анна Валентиновна', 'ж', '1990-03-08', '89055556666', 'sidorovaav@mail.com', '5555 666777', NULL),
(200010, 'Новиков Игорь Васильевич', 'м', '1985-12-18', '89077778888', 'novikoviv@mail.com', '6666 777888', 1000004),
(200011, 'Григорьева Валентина Станиславовна', 'ж', '1993-05-21', '89099990000', 'grigorevavs@mail.com', '7777 888999', NULL),
(200012, 'Смирнов Дмитрий Владимирович', 'м', '1989-09-30', '89011112222', 'smirnovdv@mail.com', '8888 999000', NULL),
(200013, 'Исаева Наталья Александровна', 'ж', '1991-02-14', '89044443333', 'isaevana@mail.com', '9999 000111', 1000005),
(200014, 'Николаев Иван Петрович', 'м', '1986-07-05', '89066665555', 'nikolaevip@mail.com', '1230 456789', NULL),
(200015, 'Ефимова Анна Михайловна', 'ж', '1992-04-10', '89077776666', 'efimovaam@mail.com', '1234 567890', NULL);

INSERT INTO room_types_names VALUES
(101, 'Стандарт'),
(102, 'Люкс'),
(103, 'Апартаменты');

INSERT INTO room_types VALUES
(1, 101, 3000, 2, 20, 101),
(2, 102, 5000, 4, 35, 102),
(3, 103, 7000, 3, 50, 103);

INSERT INTO rooms VALUES
(300001, 1, 01, 101),
(300002, 2, 02, 102),
(300003, 3, 03, 103);

INSERT INTO statuses VALUES
(1, 'Забронировано'),
(2, 'Оплачено'),
(3, 'Отменено');

INSERT INTO bookings VALUES
(4000000001, '2023-11-01 12:00:00', 1, 200001, '2023-11-05', '2023-11-10', 1),
(4000000002, '2023-11-02 13:00:00', 2, 200002, '2023-11-06', '2023-11-11', 2),
(4000000003, '2023-11-03 14:00:00', 3, 200003, '2023-11-07', '2023-11-12', 3);

INSERT INTO livings VALUES
(5000000001, 4000000001, 1, 300001, 200001, 1000001, '2023-11-05 15:00:00', 1000002, '2023-11-10 11:00:00'),
(5000000002, 4000000002, 2, 300002, 200002, NULL, '2023-11-06 16:00:00', NULL, '2023-11-11 12:00:00'),
(5000000003, NULL, 3, 300003, 200003, NULL, '2023-11-07 17:00:00', NULL, NULL);

